Hora,Temperatura do Solo 10cm (ºC),Temperatura do Solo 20cm (ºC),Temperatura do Solo 30cm (ºC),Humidade do Solo (%),Bateria (%)
14:33,25.5,23.2,22.2,28.67924528301887,95
15:39,25.6,23.4,22.4,28.716981132075478,95
16:46,24.8,23.6,22.5,28.641509433962256,95
