Hora,Temperatura do Solo 10cm (ºC),Temperatura do Solo 20cm (ºC),Temperatura do Solo 30cm (ºC),Humidade do Solo (%),Bateria (%)
14:30,25.9,22.8,22.4,32.63157894736841,95
15:38,26.9,23.3,22.6,32.48120300751879,95
16:45,25.3,23.5,22.8,32.44360902255638,95
